seed,station_id,station_name,baseline_mean_wait_time_min,incremented_mean_wait_time_min,mean_wait_improvement_min,p95_wait_improvement_min,mean_response_improvement_min,waited_event_reduction,event_count
42,EMS001,119구조구급센터119안전센터,0.048536868582942,0.04850742580880481,2.944277413718943e-05,0.0,0.0017246044623115964,1,20980
42,EMS002,독립119안전센터,0.048536868582942,0.045110169762706466,0.003426698820235531,0.0,0.016753798703991407,15,20980
42,EMS003,병천119안전센터,0.048536868582942,0.043908785086675776,0.004628083496266221,0.0,0.04306374949849978,13,20980
42,EMS004,북면지역대,0.048536868582942,0.04757646313367506,0.0009604054492669337,0.0,0.004095871733187373,2,20980
42,EMS005,성남지역대,0.048536868582942,0.04825506920440409,0.0002817993785379086,0.0,0.002718364357568781,1,20980
42,EMS006,청당119안전센터,0.048536868582942,0.04475977668470471,0.0037770918982372864,0.0,0.050013353956087414,63,20980
42,EMS007,풍세119안전센터,0.048536868582942,0.03213364018395946,0.01640322839898254,0.0,0.0331509909170169,23,20980
42,EMS008,119구조구급센터119안전센터,0.048536868582942,0.04400009107215521,0.004536777510786787,0.0,0.019847218483185713,19,20980
42,EMS009,두정119안전센터,0.048536868582942,0.048536868582942,0.0,0.0,0.00037350622347620543,0,20980
42,EMS010,불당119안전센터,0.048536868582942,0.04557390711579188,0.0029629614671501173,0.0,0.0460729889930116,32,20980
42,EMS011,서부119안전센터,0.048536868582942,0.046259568449707064,0.002277300133234933,0.0,0.024718152314706643,37,20980
42,EMS012,성거119안전센터,0.048536868582942,0.04618693748218828,0.0023499311007537174,0.0,0.010534684608658473,6,20980
42,EMS013,성환119안전센터,0.048536868582942,0.04212164968605266,0.006415218896889334,0.0,0.03438631593148589,23,20980
42,EMS014,쌍용119안전센터,0.048536868582942,0.04835639521024581,0.00018047337269618685,0.0,0.0001804733726959995,1,20980
42,EMS015,입장119안전센터,0.048536868582942,0.045740504724758685,0.0027963638581833122,0.0,0.010556645394336428,5,20980
42,EMS016,직산119안전센터,0.048536868582942,0.0422880921177062,0.006248776465235799,0.0,0.03151041941562571,27,20980
123,EMS001,119구조구급센터119안전센터,0.042411049017701555,0.04162003035387827,0.0007910186638232855,0.0,0.0013362493982995716,5,20773
123,EMS002,독립119안전센터,0.042411049017701555,0.03976748131389937,0.0026435677038021826,0.0,0.014784989320130393,9,20773
123,EMS003,병천119안전센터,0.042411049017701555,0.03744512540065386,0.004965923617047695,0.0,0.03535282940828921,10,20773
123,EMS004,북면지역대,0.042411049017701555,0.040955746650535696,0.0014553023671658588,0.0,0.005595561016495054,3,20773
123,EMS005,성남지역대,0.042411049017701555,0.04239798975771369,1.3059259987867333e-05,0.0,0.004934749267216709,1,20773
123,EMS006,청당119안전센터,0.042411049017701555,0.038178593010144764,0.004232456007556791,0.0,0.05101636904810025,59,20773
123,EMS007,풍세119안전센터,0.042411049017701555,0.029313826008449447,0.013097223009252108,0.0,0.03516076773216792,18,20773
123,EMS008,119구조구급센터119안전센터,0.042411049017701555,0.038303665658960324,0.00410738335874123,0.0,0.02332823820631713,24,20773
123,EMS009,두정119안전센터,0.042411049017701555,0.042411049017701555,0.0,0.0,0.00012724871024882844,0,20773
123,EMS010,불당119안전센터,0.042411049017701555,0.038588007113809185,0.00382304190389237,0.0,0.046345401163779165,41,20773
123,EMS011,서부119안전센터,0.042411049017701555,0.041248810776992655,0.0011622382407089002,0.0,0.020042190199984766,22,20773
123,EMS012,성거119안전센터,0.042411049017701555,0.04132211822512949,0.0010889307925720654,0.0,0.009104943549747446,5,20773
123,EMS013,성환119안전센터,0.042411049017701555,0.03566426621091348,0.006746782806788074,0.0,0.03578559870430986,24,20773
123,EMS014,쌍용119안전센터,0.042411049017701555,0.042411049017701555,0.0,0.0,0.0,0,20773
123,EMS015,입장119안전센터,0.042411049017701555,0.040092783126878605,0.00231826589082295,0.0,0.010474309102085577,6,20773
123,EMS016,직산119안전센터,0.042411049017701555,0.03635696818793316,0.006054080829768396,0.0,0.03636314416795372,27,20773
2026,EMS001,119구조구급센터119안전센터,0.04298383225460305,0.042969817405013044,1.401484959000221e-05,0.0,0.0010657145298509363,1,20666
2026,EMS002,독립119안전센터,0.04298383225460305,0.03909949419157777,0.0038843380630252736,0.0,0.017805924131850226,19,20666
2026,EMS003,병천119안전센터,0.04298383225460305,0.04196278233885149,0.001021049915751554,0.0,0.02612457380471067,4,20666
2026,EMS004,북면지역대,0.04298383225460305,0.04273592964911415,0.00024790260548889637,0.0,0.004076227533102106,1,20666
2026,EMS005,성남지역대,0.04298383225460305,0.04179559476863965,0.0011882374859633962,0.0,0.0050903824316703705,3,20666
2026,EMS006,청당119안전센터,0.04298383225460305,0.03920090115457026,0.003782931100032784,0.0,0.04750742302355615,62,20666
2026,EMS007,풍세119안전센터,0.04298383225460305,0.027362885642429138,0.015620946612173909,0.0,0.02375421217378726,22,20666
2026,EMS008,119구조구급센터119안전센터,0.04298383225460305,0.0400221093770012,0.0029617228776018453,0.0,0.02345610075532001,17,20666
2026,EMS009,두정119안전센터,0.04298383225460305,0.04298383225460305,0.0,0.0,6.395377571877248e-05,0,20666
2026,EMS010,불당119안전센터,0.04298383225460305,0.03966210111079498,0.003321731143808064,0.0,0.04615646194075218,39,20666
2026,EMS011,서부119안전센터,0.04298383225460305,0.04089738209937342,0.0020864501552296244,0.0,0.021871886356660042,31,20666
2026,EMS012,성거119안전센터,0.04298383225460305,0.041628514728790894,0.0013553175258121525,0.0,0.00968274419550319,5,20666
2026,EMS013,성환119안전센터,0.04298383225460305,0.03715474211688352,0.005829090137719525,0.0,0.036849108196586045,22,20666
2026,EMS014,쌍용119안전센터,0.04298383225460305,0.04298322001632245,6.122382805937021e-07,0.0,6.122382805173743e-07,1,20666
2026,EMS015,입장119안전센터,0.04298383225460305,0.042099336746444706,0.0008844955081583408,0.0,0.0039507883734373195,4,20666
2026,EMS016,직산119안전센터,0.04298383225460305,0.03775133973131085,0.0052324925232921995,0.0,0.03514348049011318,24,20666
